<?xml version="1.0" encoding="UTF-8"?>
<GenRun Id="impl_1" LaunchPart="xc7a35tcpg236-1" LaunchTime="1743404114">
  <File Type="PA-TCL" Name="segdisplay_multi.tcl"/>
  <File Type="REPORTS-TCL" Name="segdisplay_multi_reports.tcl"/>
  <File Type="INIT-TIMING" Name="segdisplay_multi_timing_summary_init.rpt"/>
  <File Type="OPT-DCP" Name="segdisplay_multi_opt.dcp"/>
  <File Type="OPT-DRC" Name="segdisplay_multi_drc_opted.rpt"/>
  <File Type="OPT-METHODOLOGY-DRC" Name="segdisplay_multi_methodology_drc_opted.rpt"/>
  <File Type="OPT-HWDEF" Name="segdisplay_multi.hwdef"/>
  <File Type="OPT-TIMING" Name="segdisplay_multi_timing_summary_opted.rpt"/>
  <File Type="OPT-RQA-PB" Name="segdisplay_multi_rqa_opted.pb"/>
  <File Type="PWROPT-DCP" Name="segdisplay_multi_pwropt.dcp"/>
  <File Type="PWROPT-DRC" Name="segdisplay_multi_drc_pwropted.rpt"/>
  <File Type="PWROPT-TIMING" Name="segdisplay_multi_timing_summary_pwropted.rpt"/>
  <File Type="PLACE-DCP" Name="segdisplay_multi_placed.dcp"/>
  <File Type="PLACE-IO" Name="segdisplay_multi_io_placed.rpt"/>
  <File Type="PLACE-CLK" Name="segdisplay_multi_clock_utilization_placed.rpt"/>
  <File Type="PLACE-UTIL" Name="segdisplay_multi_utilization_placed.rpt"/>
  <File Type="PLACE-UTIL-PB" Name="segdisplay_multi_utilization_placed.pb"/>
  <File Type="PLACE-CTRL" Name="segdisplay_multi_control_sets_placed.rpt"/>
  <File Type="PLACE-SIMILARITY" Name="segdisplay_multi_incremental_reuse_placed.rpt"/>
  <File Type="PLACE-PRE-SIMILARITY" Name="segdisplay_multi_incremental_reuse_pre_placed.rpt"/>
  <File Type="PLACE-TIMING" Name="segdisplay_multi_timing_summary_placed.rpt"/>
  <File Type="PLACE-RQA-PB" Name="segdisplay_multi_rqa_placed.pb"/>
  <File Type="POSTPLACE-PWROPT-DCP" Name="segdisplay_multi_postplace_pwropt.dcp"/>
  <File Type="POSTPLACE-PWROPT-TIMING" Name="segdisplay_multi_timing_summary_postplace_pwropted.rpt"/>
  <File Type="PHYSOPT-DCP" Name="segdisplay_multi_physopt.dcp"/>
  <File Type="PHYSOPT-DRC" Name="segdisplay_multi_drc_physopted.rpt"/>
  <File Type="PHYSOPT-TIMING" Name="segdisplay_multi_timing_summary_physopted.rpt"/>
  <File Type="ROUTE-ERROR-DCP" Name="segdisplay_multi_routed_error.dcp"/>
  <File Type="ROUTE-DCP" Name="segdisplay_multi_routed.dcp"/>
  <File Type="ROUTE-BLACKBOX-DCP" Name="segdisplay_multi_routed_bb.dcp"/>
  <File Type="ROUTE-DRC" Name="segdisplay_multi_drc_routed.rpt"/>
  <File Type="ROUTE-DRC-PB" Name="segdisplay_multi_drc_routed.pb"/>
  <File Type="ROUTE-DRC-RPX" Name="segdisplay_multi_drc_routed.rpx"/>
  <File Type="ROUTE-METHODOLOGY-DRC" Name="segdisplay_multi_methodology_drc_routed.rpt"/>
  <File Type="ROUTE-METHODOLOGY-DRC-RPX" Name="segdisplay_multi_methodology_drc_routed.rpx"/>
  <File Type="ROUTE-METHODOLOGY-DRC-PB" Name="segdisplay_multi_methodology_drc_routed.pb"/>
  <File Type="ROUTE-PWR" Name="segdisplay_multi_power_routed.rpt"/>
  <File Type="ROUTE-PWR-SUM" Name="segdisplay_multi_power_summary_routed.pb"/>
  <File Type="ROUTE-PWR-RPX" Name="segdisplay_multi_power_routed.rpx"/>
  <File Type="ROUTE-STATUS" Name="segdisplay_multi_route_status.rpt"/>
  <File Type="ROUTE-STATUS-PB" Name="segdisplay_multi_route_status.pb"/>
  <File Type="ROUTE-TIMINGSUMMARY" Name="segdisplay_multi_timing_summary_routed.rpt"/>
  <File Type="ROUTE-TIMING-PB" Name="segdisplay_multi_timing_summary_routed.pb"/>
  <File Type="ROUTE-TIMING-RPX" Name="segdisplay_multi_timing_summary_routed.rpx"/>
  <File Type="ROUTE-SIMILARITY" Name="segdisplay_multi_incremental_reuse_routed.rpt"/>
  <File Type="ROUTE-CLK" Name="segdisplay_multi_clock_utilization_routed.rpt"/>
  <File Type="ROUTE-BUS-SKEW" Name="segdisplay_multi_bus_skew_routed.rpt"/>
  <File Type="ROUTE-BUS-SKEW-PB" Name="segdisplay_multi_bus_skew_routed.pb"/>
  <File Type="ROUTE-BUS-SKEW-RPX" Name="segdisplay_multi_bus_skew_routed.rpx"/>
  <File Type="ROUTE-RQS-PB" Name="segdisplay_multi_rqs_routed.pb"/>
  <File Type="POSTROUTE-PHYSOPT-DCP" Name="segdisplay_multi_postroute_physopt.dcp"/>
  <File Type="POSTROUTE-PHYSOPT-BLACKBOX-DCP" Name="segdisplay_multi_postroute_physopt_bb.dcp"/>
  <File Type="POSTROUTE-PHYSOPT-TIMING" Name="segdisplay_timing_summary_postroute_physopted.rpt"/>
  <File Type="POSTROUTE-PHYSOPT-TIMING-PB" Name="segdisplay_timing_summary_postroute_physopted.pb"/>
  <File Type="POSTROUTE-PHYSOPT-TIMING-RPX" Name="segdisplay_timing_summary_postroute_physopted.rpx"/>
  <File Type="POSTROUTE-PHYSOPT-BUS-SKEW" Name="segdisplay_bus_skew_postroute_physopted.rpt"/>
  <File Type="POSTROUTE-PHYSOPT-BUS-SKEW-PB" Name="segdisplay_bus_skew_postroute_physopted.pb"/>
  <File Type="POSTROUTE-PHYSOPT-BUS-SKEW-RPX" Name="segdisplay_bus_skew_postroute_physopted.rpx"/>
  <File Type="BG-BIT" Name="segdisplay_multi.bit"/>
  <File Type="BG-BIN" Name="segdisplay_multi.bin"/>
  <File Type="BITSTR-MSK" Name="segdisplay_multi.msk"/>
  <File Type="BITSTR-RBT" Name="segdisplay_multi.rbt"/>
  <File Type="BITSTR-NKY" Name="segdisplay_multi.nky"/>
  <File Type="BITSTR-BMM" Name="segdisplay_multi_bd.bmm"/>
  <File Type="BITSTR-MMI" Name="segdisplay_multi.mmi"/>
  <File Type="PDI-FILE" Name="segdisplay_multi.pdi"/>
  <File Type="BOOT-PDI-FILE" Name="segdisplay_multi_boot.pdi"/>
  <File Type="PL-PDI-FILE" Name="segdisplay_multi_pld.pdi"/>
  <File Type="RCFI_FILE" Name="segdisplay_multi.rcfi"/>
  <File Type="CFI_FILE" Name="segdisplay_multi.cfi"/>
  <File Type="RNPI_FILE" Name="segdisplay_multi.rnpi"/>
  <File Type="NPI_FILE" Name="segdisplay_multi.npi"/>
  <File Type="RBD_FILE" Name="segdisplay_multi.rbd"/>
  <File Type="BITSTR-LTX" Name="debug_nets.ltx"/>
  <File Type="BITSTR-LTX" Name="segdisplay_multi.ltx"/>
  <File Type="BITSTR-SYSDEF" Name="segdisplay_multi.sysdef"/>
  <File Type="BG-BGN" Name="segdisplay_multi.bgn"/>
  <File Type="BG-DRC" Name="segdisplay_multi.drc"/>
  <File Type="RDI-RDI" Name="segdisplay_multi.vdi"/>
  <File Type="WBT-USG" Name="usage_statistics_webtalk.html"/>
  <File Type="ROUTE-RQS" Name="segdisplay_multi_routed.rqs"/>
  <File Type="POSTROUTE-PHYSOPT-RQS" Name="segdisplay_multi_postroute_physopted.rqs"/>
  <File Type="ROUTE-RQS-RPT" Name="route_report_qor_suggestions_0.rpt"/>
  <File Type="POSTROUTE-PHYSOPT-RQS-RPT" Name="postroute_physopt_report_qor_suggestions_0.rpt"/>
  <FileSet Name="sources" Type="DesignSrcs" RelSrcDir="$PSRCDIR/sources_1" RelGenDir="$PGENDIR/sources_1">
    <Filter Type="Srcs"/>
    <File Path="$PSRCDIR/sources_1/new/segdisplay.vhd">
      <FileInfo>
        <Attr Name="UsedIn" Val="synthesis"/>
        <Attr Name="UsedIn" Val="simulation"/>
      </FileInfo>
    </File>
    <Config>
      <Option Name="DesignMode" Val="RTL"/>
      <Option Name="TopModule" Val="segdisplay_multi"/>
      <Option Name="TopAutoSet" Val="TRUE"/>
    </Config>
  </FileSet>
  <FileSet Name="constrs_in" Type="Constrs" RelSrcDir="$PSRCDIR/constrs_1" RelGenDir="$PGENDIR/constrs_1">
    <Filter Type="Constrs"/>
    <File Path="$PPRDIR/../../../Downloads/Basys3_Master.xdc">
      <FileInfo>
        <Attr Name="UsedIn" Val="synthesis"/>
        <Attr Name="UsedIn" Val="implementation"/>
      </FileInfo>
    </File>
    <Config>
      <Option Name="ConstrsType" Val="XDC"/>
    </Config>
  </FileSet>
  <FileSet Name="utils" Type="Utils" RelSrcDir="$PSRCDIR/utils_1" RelGenDir="$PGENDIR/utils_1">
    <Filter Type="Utils"/>
    <File Path="$PSRCDIR/utils_1/imports/synth_1/segdisplay.dcp">
      <FileInfo>
        <Attr Name="UsedIn" Val="synthesis"/>
        <Attr Name="UsedIn" Val="implementation"/>
        <Attr Name="UsedInSteps" Val="synth_1"/>
        <Attr Name="AutoDcp" Val="1"/>
      </FileInfo>
    </File>
    <Config>
      <Option Name="TopAutoSet" Val="TRUE"/>
    </Config>
  </FileSet>
  <Strategy Version="1" Minor="2">
    <StratHandle Name="Vivado Implementation Defaults" Flow="Vivado Implementation 2024"/>
    <Step Id="init_design"/>
    <Step Id="opt_design"/>
    <Step Id="power_opt_design"/>
    <Step Id="place_design"/>
    <Step Id="post_place_power_opt_design"/>
    <Step Id="phys_opt_design"/>
    <Step Id="route_design"/>
    <Step Id="post_route_phys_opt_design"/>
    <Step Id="write_bitstream"/>
  </Strategy>
</GenRun>
