<?xml version="1.0" encoding="UTF-8"?>
<GenRun Id="synth_1" LaunchPart="xc7a35tcpg236-1" LaunchTime="1743404114" LaunchIncrCheckpoint="$PSRCDIR/utils_1/imports/synth_1/segdisplay.dcp">
  <File Type="PA-TCL" Name="segdisplay_multi.tcl"/>
  <File Type="REPORTS-TCL" Name="segdisplay_multi_reports.tcl"/>
  <File Type="RDS-RDS" Name="segdisplay_multi.vds"/>
  <File Type="RDS-PROPCONSTRS" Name="segdisplay_multi_drc_synth.rpt"/>
  <File Type="RDS-UTIL" Name="segdisplay_multi_utilization_synth.rpt"/>
  <File Type="RDS-UTIL-PB" Name="segdisplay_multi_utilization_synth.pb"/>
  <File Type="RDS-DCP" Name="segdisplay_multi.dcp"/>
  <File Type="VDS-TIMINGSUMMARY" Name="segdisplay_multi_timing_summary_synth.rpt"/>
  <File Type="VDS-TIMING-PB" Name="segdisplay_multi_timing_summary_synth.pb"/>
  <FileSet Name="sources" Type="DesignSrcs" RelSrcDir="$PSRCDIR/sources_1" RelGenDir="$PGENDIR/sources_1">
    <Filter Type="Srcs"/>
    <File Path="$PSRCDIR/sources_1/new/segdisplay.vhd">
      <FileInfo>
        <Attr Name="UsedIn" Val="synthesis"/>
        <Attr Name="UsedIn" Val="simulation"/>
      </FileInfo>
    </File>
    <Config>
      <Option Name="DesignMode" Val="RTL"/>
      <Option Name="TopModule" Val="segdisplay_multi"/>
      <Option Name="TopAutoSet" Val="TRUE"/>
    </Config>
  </FileSet>
  <FileSet Name="constrs_in" Type="Constrs" RelSrcDir="$PSRCDIR/constrs_1" RelGenDir="$PGENDIR/constrs_1">
    <Filter Type="Constrs"/>
    <File Path="$PPRDIR/../../../Downloads/Basys3_Master.xdc">
      <FileInfo>
        <Attr Name="UsedIn" Val="synthesis"/>
        <Attr Name="UsedIn" Val="implementation"/>
      </FileInfo>
    </File>
    <Config>
      <Option Name="ConstrsType" Val="XDC"/>
    </Config>
  </FileSet>
  <FileSet Name="utils" Type="Utils" RelSrcDir="$PSRCDIR/utils_1" RelGenDir="$PGENDIR/utils_1">
    <Filter Type="Utils"/>
    <File Path="$PSRCDIR/utils_1/imports/synth_1/segdisplay.dcp">
      <FileInfo>
        <Attr Name="UsedIn" Val="synthesis"/>
        <Attr Name="UsedIn" Val="implementation"/>
        <Attr Name="UsedInSteps" Val="synth_1"/>
        <Attr Name="AutoDcp" Val="1"/>
      </FileInfo>
    </File>
    <Config>
      <Option Name="TopAutoSet" Val="TRUE"/>
    </Config>
  </FileSet>
  <Strategy Version="1" Minor="2">
    <StratHandle Name="Vivado Synthesis Defaults" Flow="Vivado Synthesis 2024"/>
    <Step Id="synth_design"/>
  </Strategy>
</GenRun>
